Cluster,Robust Pval (const),Robust Pval (3Mth),Robust Pval (Unmp),Robust Pval (CHF)
0,0.3430076262516045,0.011008583552687164,2.7309800002132975e-07,0.18411891368630645
1,0.025865624556148405,6.874823852358611e-11,0.4377068608321367,0.0017185916107891879
2,9.283015027407791e-14,0.357332411300024,8.840622888060076e-17,0.008455464455482257
