Variable,VIF
const,48.56297802596394
3Mth,1.019232287910781
Unmp,1.0137905753099257
CHF,1.0064843239189187
