Variable,VIF
const,83.00801537052348
3Mth,10.243778828698023
10Yd,11.4491726391938
Unmp,1.7896495336092038
CHF,1.6637051965720777
